klaster,total_cabang,total_asking,total_deal,total_saving,avg_diskon_pct,avg_durasi_hari,med_durasi_hari,deal_bonita,deal_mirza
Jawa Tengah Selatan,9,316500000.0,238500000.0,78000000.0,23.434301242222222,21.444444444444443,16.0,4,5
Banten Barat,14,548000000.0,437000000.0,111000000.0,21.781188319285715,7.214285714285714,2.0,7,7
Jawa Barat Priangan & Selatan,27,953000000.0,793000000.0,160000000.0,17.193736304814816,8.814814814814815,3.0,7,14
Jabodetabek Puncak,89,4456400000.0,3687599999.0,768800001.0,16.810503461651685,11.292134831460674,7.0,52,37
Wilayah Luar Jawa/Lainnya,19,837000000.0,703000000.0,134000000.0,16.679566048157895,7.894736842105263,7.0,9,10
Solo Raya & DIY,17,731000000.0,632166666.0,98833334.0,16.62161543564706,9.058823529411764,5.0,5,12
Jawa Timur,14,687000000.0,572500000.0,114500000.0,16.086778301714286,22.5,1.5,11,3
Jawa Tengah Pantura,36,1314333333.0,1094000000.0,220333333.0,15.624097419333332,13.36111111111111,6.0,17,19
Bali,12,770000000.0,646000000.0,124000000.0,15.243551383166666,10.666666666666666,4.5,7,5
Bandung Raya,24,1259700000.0,1056000000.0,203700000.0,15.108751202416668,12.416666666666666,7.0,13,10
Jawa Barat Pantura & Purwasuka,32,1088000000.0,940833333.0,147166667.0,14.113648534,7.71875,2.5,16,12
