bulan_num,bulan_nama,deal_bonita,saving_bonita,diskon_bonita,durasi_bonita,deal_mirza,saving_mirza,diskon_mirza,durasi_mirza,deal_non_tim,saving_non_tim,total_deal,total_saving,avg_diskon_nasional,avg_durasi_nasional
1,Januari,13,111000000.0,23.29209252307692,1.0,7,28000000.0,16.339602508285715,8.714285714285714,3,0.0,23,139000000.0,18.13801827643478,3.347826086956522
2,Februari,17,179233333.0,17.508729724411765,11.176470588235293,17,85833334.0,17.27054166247059,11.0,6,0.0,40,265066667.0,14.781190339425,9.575
3,Maret,22,214500000.0,21.427957684363637,14.545454545454545,15,85000000.0,17.17688479,22.6,2,0.0,39,299500000.0,18.69406002323077,16.94871794871795
4,April,26,219000000.0,16.67701541803846,11.692307692307692,29,146166667.0,16.173936834379308,17.482758620689655,0,0.0,55,365166667.0,16.411755801199998,14.745454545454546
5,Mei,18,219500000.0,17.91144138511111,9.944444444444445,19,118000000.0,17.512473281052632,15.421052631578947,0,0.0,37,337500000.0,17.706565872216213,12.756756756756756
6,Juni,23,241500000.0,16.399298069695654,5.869565217391305,19,71200000.0,13.527076204736842,8.421052631578947,0,0.0,42,312700000.0,15.099959606976189,7.023809523809524
7,Juli,19,156666667.0,14.889072965947369,3.6315789473684212,19,142400000.0,16.475027896157894,24.31578947368421,0,0.0,38,299066667.0,15.68205043105263,13.973684210526315
8,Agustus,10,89500000.0,19.09949495,2.4,9,52833334.0,16.016778288888887,6.222222222222222,0,0.0,19,142333334.0,17.639260742105265,4.2105263157894735
99,TOTAL 2026,148,1430900000.0,18.100947394783784,8.337837837837839,134,729433335.0,16.28061075167164,15.41044776119403,11,0.0,293,2160333335.0,16.588880734307168,11.296928327645052
