bulan_num,bulan_label,negosiator,deal_count,total_asking,total_deal_price,total_saving,avg_diskon_pct,median_diskon_pct,avg_durasi_hari,median_durasi_hari,deal_berdiskon,success_rate_pct,effective_discount_pct
1,2026-01 (Januari),Bonita,7,247000000,193000000,54000000,21.571428571428573,20.0,14.142857142857142,13.0,7,100.0,21.86234817813765
1,2026-01 (Januari),Mirza,4,97000000,82000000,15000000,16.25,16.0,4.75,5.0,4,100.0,15.463917525773196
2,2026-02 (Februari),Bonita,15,655233333,504000000,151233333,21.066666666666666,20.0,11.666666666666666,10.0,15,100.0,23.080836304156705
2,2026-02 (Februari),Mirza,14,424500000,357166666,67333334,18.071428571428573,20.0,8.714285714285714,7.0,14,100.0,15.861798351001177
2,2026-02 (Februari),Dika,4,112000000,112000000,0,0.0,0.0,24.0,23.0,0,0.0,0.0
2,2026-02 (Februari),Salma,1,50000000,50000000,0,0.0,0.0,40.0,40.0,0,0.0,0.0
3,2026-03 (Maret),Mirza,17,523000000,430500000,92500000,17.294117647058822,20.0,11.235294117647058,6.0,16,94.11764705882352,17.686424474187383
3,2026-03 (Maret),Bonita,13,683000000,510500000,172500000,25.307692307692307,20.0,9.76923076923077,8.0,13,100.0,25.25622254758419
3,2026-03 (Maret),Dika,3,78000000,78000000,0,0.0,0.0,23.0,21.0,0,0.0,0.0
4,2026-04 (April),Bonita,28,1368000000,1166500000,201500000,14.392857142857142,14.5,12.107142857142858,7.5,25,89.28571428571429,14.72953216374269
4,2026-04 (April),Mirza,21,753000000,637500000,115500000,14.19047619047619,17.0,10.714285714285714,8.0,21,100.0,15.338645418326694
4,2026-04 (April),Dika,3,70000000,70000000,0,0.0,0.0,49.666666666666664,53.0,0,0.0,0.0
5,2026-05 (Mei),Mirza,25,1018000000,865333333,152666667,13.88,13.0,11.56,9.0,23,92.0,14.996725638506877
5,2026-05 (Mei),Bonita,23,1346500000,1116000000,230500000,17.91304347826087,20.0,17.043478260869566,9.0,22,95.65217391304348,17.118455254363163
6,2026-06 (Juni),Bonita,23,1350500000,1059000000,291500000,18.652173913043477,18.0,7.695652173913044,6.0,23,100.0,21.584598296927062
6,2026-06 (Juni),Mirza,20,670200000,590000000,80200000,11.1,11.0,9.05,6.0,18,90.0,11.966577141151895
7,2026-07 (Juli),Mirza,18,765500000,670600000,94900000,10.61111111111111,12.0,6.888888888888889,6.0,15,83.33333333333334,12.39712606139778
7,2026-07 (Juli),Bonita,13,766000000,625833333,140166667,16.23076923076923,19.0,11.615384615384615,7.0,12,92.3076923076923,18.29852049608355
8,2026-08 (Agustus),Bonita,13,613000000,506500000,106500000,17.46153846153846,19.0,8.384615384615385,6.0,12,92.3076923076923,17.37357259380098
8,2026-08 (Agustus),Mirza,10,501000000,431500000,69500000,13.5,14.0,8.5,8.5,9,90.0,13.872255489021956
