bulan_num,bulan_nama,jumlah_deal,total_asking,total_deal_price,total_saving,avg_diskon_pct,median_diskon_pct,avg_durasi_hari,median_durasi_hari,deal_berdiskon,success_rate_pct,effective_discount_pct
1,Januari,13,458000000.0,347000000.0,111000000.0,23.29209252307692,20.0,1.0,1.0,13,100.0,24.23580786026201
2,Februari,17,937233333.0,758000000.0,179233333.0,17.508729724411765,18.75,11.176470588235293,7.0,17,100.0,19.123661812826285
3,Maret,22,969500000.0,755000000.0,214500000.0,21.427957684363637,20.0,14.545454545454545,12.0,21,95.45454545454545,22.124806601340897
4,April,26,1400000000.0,1181000000.0,219000000.0,16.67701541803846,17.69230769,11.692307692307692,1.0,24,92.3076923076923,15.642857142857142
5,Mei,18,1072500000.0,853000000.0,219500000.0,17.91144138511111,16.515151515,9.944444444444445,1.5,17,94.44444444444444,20.466200466200466
6,Juni,23,1270500000.0,1029000000.0,241500000.0,16.39929806969565,17.64705882,5.869565217391305,2.0,22,95.65217391304348,19.00826446280992
7,Juli,19,1002500000.0,845833333.0,156666667.0,14.889072965947369,17.5,3.6315789473684212,1.0,18,94.73684210526315,15.62759770573566
8,Agustus,10,495000000.0,405500000.0,89500000.0,19.09949495,20.0,2.4,1.0,10,100.0,18.08080808080808
99,TOTAL TAHUNAN,148,7605233333.0,6174333333.0,1430900000.0,18.100947394783784,19.23076923,8.337837837837839,1.5,142,95.94594594594594,18.814675859991787
