bulan_num,bulan_nama,total_deal,total_asking,total_deal_price,total_saving,avg_diskon_pct,median_diskon_pct,avg_durasi_hari,median_durasi_hari,deal_berdiskon,success_rate_pct,effective_discount_pct
1,Januari,23,748000000.0,609000000.0,139000000.0,18.138018276434785,20.0,3.347826086956522,1.0,20,86.95652173913044,18.58288770053476
2,Februari,40,1635733333.0,1370666666.0,265066667.0,14.781190339425,12.857142855,9.575,8.0,34,85.0,16.2047603758161
3,Maret,39,1488500000.0,1189000000.0,299500000.0,18.69406002323077,20.0,16.94871794871795,14.0,35,89.74358974358975,20.120927107826674
4,April,55,2412000000.0,2046833333.0,365166667.0,16.411755801199998,15.38461538,14.745454545454546,4.0,50,90.9090909090909,15.139579892205637
5,Mei,37,1907500000.0,1570000000.0,337500000.0,17.706565872216217,15.78947368,12.756756756756756,6.0,36,97.2972972972973,17.693315858453474
6,Juni,42,1884700000.0,1572000000.0,312700000.0,15.09995960697619,14.28571429,7.023809523809524,5.0,38,90.47619047619048,16.591499973470576
7,Juli,38,1973500000.0,1674433333.0,299066667.0,15.68205043105263,18.019480520000002,13.973684210526315,2.0,35,92.10526315789474,15.154125513047884
8,Agustus,19,911000000.0,768666666.0,142333334.0,17.63926074210526,17.85714286,4.2105263157894735,3.0,18,94.73684210526315,15.623856641053788
99,TOTAL TAHUN 2026,293,12960933333.0,10800599998.0,2160333335.0,16.588880734307168,16.666666669999998,11.296928327645052,5.0,266,90.78498293515358,16.66803832328608
