wilayah,unit,avg_durasi,med_durasi,avg_diskon,med_diskon,avg_asking,avg_rental,tot_saving,deal_bonita,deal_mirza,deal_nontim,skor_kecepatan,skor_diskon,skor_kemudahan,kategori,klaster
Kab. Banjarnegara,2,6.0,6.0,33.928571430000005,33.928571430000005,15000000.0,11000000.0,8000000.0,0,2,0,90.56603791384833,85.23681050972822,87.90142421178828,Sangat Mudah,Jawa Barat Priangan & Selatan
Kab. Pati,1,1.0,1.0,26.47058824,26.47058824,42000000.0,33000000.0,9000000.0,0,1,0,100.0,66.50054566986287,83.25027283493144,Sangat Mudah,Jawa Tengah Pantura
Kab. Sukabumi,3,2.0,2.0,27.171717170000004,25.0,42333333.333333336,31666666.666666668,32000000.0,1,2,0,98.11320758276966,68.26195180134698,83.18757969205832,Sangat Mudah,Jawa Barat Priangan & Selatan
Kab. Serang,4,3.75,2.5,28.333333332499997,27.5,35500000.0,26750000.0,35000000.0,2,2,0,94.81132085261659,71.18021368373505,82.99576726817583,Sangat Mudah,Banten Barat
Kab. Pandeglang,1,1.0,1.0,24.0,24.0,50000000.0,38000000.0,12000000.0,1,0,0,100.0,60.2938280632901,80.14691403164505,Sangat Mudah,Banten Barat
Kota Jakarta Pusat,3,2.6666666666666665,2.0,24.444444443333328,25.0,86666666.66666667,64333333.333333336,67000000.0,3,0,0,96.85534597128279,61.41038043204112,79.13286320166196,Sangat Mudah,Jabodetabek Puncak
Kota Surabaya,3,2.0,1.0,23.299145300000003,24.0,70000000.0,55166666.666666664,44500000.0,2,1,0,98.11320758276966,58.533110864158914,78.32315922346429,Sangat Mudah,Jawa Timur
Kab. Kudus,1,8.0,8.0,27.77777778,27.77777778,45000000.0,32500000.0,12500000.0,0,1,0,86.79245307938768,69.78452322698334,78.28848815318551,Sangat Mudah,Jawa Tengah Pantura
Kab. Boyolali,2,3.5,3.5,22.916666664999997,22.916666664999997,41000000.0,32500000.0,17000000.0,0,2,0,95.28301895692417,57.5722316534684,76.42762530519629,Sangat Mudah,Solo Raya & DIY
Kota Palembang,2,4.5,4.5,23.333333335,23.333333335,50000000.0,40000000.0,20000000.0,0,2,0,93.39622653969384,58.61899951016356,76.0076130249287,Sangat Mudah,Wilayah Luar Jawa/Lainnya
Kota Metro,1,1.0,1.0,20.0,20.0,25000000.0,20000000.0,5000000.0,1,0,0,100.0,50.24485671940842,75.1224283597042,Sangat Mudah,Wilayah Luar Jawa/Lainnya
Kab. Sidoarjo,1,2.0,2.0,20.0,20.0,75000000.0,60000000.0,15000000.0,1,0,0,98.11320758276966,50.24485671940842,74.17903215108905,Sangat Mudah,Jawa Timur
Kota Tasikmalaya,2,6.0,6.0,22.5,22.5,62500000.0,47500000.0,30000000.0,1,1,0,90.56603791384833,56.525463809334475,73.5457508615914,Sangat Mudah,Jawa Barat Priangan & Selatan
Kab. Subang,4,6.0,2.5,21.875,20.0,37500000.0,30500000.0,28000000.0,3,1,0,90.56603791384833,54.95531203685295,72.76067497535064,Sangat Mudah,Jawa Barat Pantura & Purwasuka
Kab. Sumedang,4,8.75,9.0,23.605283605,22.424242425000003,40500000.0,30000000.0,42000000.0,2,2,0,85.37735876646492,59.30220462771128,72.3397816970881,Sangat Mudah,Wilayah Luar Jawa/Lainnya
Kab. Wonogiri,2,6.0,6.0,21.031746035,21.031746035,30000000.0,24500000.0,11000000.0,0,2,0,90.56603791384833,52.83685330437806,71.7014456091132,Sangat Mudah,Solo Raya & DIY
Kab. Badung,3,4.666666666666667,1.0,19.52380952333333,20.0,71666666.66666667,55000000.0,50000000.0,3,0,0,93.08176113682211,49.048550605845236,71.06515587133367,Sangat Mudah,Bali
Kota Cilegon,4,6.25,6.0,20.6157219975,22.06477733,48750000.0,38750000.0,40000000.0,2,2,0,90.09433980954076,51.79169989657719,70.94301985305897,Sangat Mudah,Banten Barat
Kab. Gresik,1,1.0,1.0,16.666666669999998,16.666666669999998,30000000.0,25000000.0,5000000.0,1,0,0,100.0,41.87071394121449,70.93535697060724,Sangat Mudah,Jawa Timur
Kab. Bogor,9,5.888888888888889,1.0,20.167934412222223,21.73913043,38044444.44444445,30333333.333333332,69400000.0,6,3,0,90.77568151576281,50.6667487434266,70.72121512959471,Sangat Mudah,Jabodetabek Puncak
Kota Cimahi,2,4.5,4.5,19.07894737,19.07894737,45000000.0,37500000.0,15000000.0,1,1,0,93.39622653969384,47.93094884813921,70.66358769391653,Sangat Mudah,Bandung Raya
Kota Bekasi,8,2.25,1.5,17.15866873125,17.10526316,40437500.0,34325000.0,48900000.0,3,5,0,97.64150947846208,43.106742594872486,70.37412603666729,Sangat Mudah,Jabodetabek Puncak
Kab. Probolinggo,2,3.0,3.0,17.5,17.5,37500000.0,31750000.0,11500000.0,1,1,0,96.22641516553934,43.96424962948237,70.09533239751084,Sangat Mudah,Wilayah Luar Jawa/Lainnya
Kab. Cilacap,3,34.0,16.0,39.80506822666667,16.666666669999998,31333333.333333332,15166666.666666666,48500000.0,1,2,0,37.73585023139905,99.99999748775717,68.86792385957811,Mudah,Jawa Tengah Selatan
Kab. Jember,4,4.25,4.5,16.7824675325,19.928571429999998,50000000.0,41625000.0,33500000.0,2,2,0,93.86792464400142,42.16163382842931,68.01477923621536,Mudah,Wilayah Luar Jawa/Lainnya
Kab. Semarang,8,2.375,1.0,15.335012210750001,17.38095238,48000000.0,39625000.0,67000000.0,5,3,0,97.40566042630829,38.52527456597562,67.96546749614195,Mudah,Jawa Tengah Pantura
Kab. Purbalingga,1,1.0,1.0,14.28571429,14.28571429,17500000.0,15000000.0,2500000.0,1,0,0,100.0,35.88918338177277,67.94459169088638,Mudah,Jawa Tengah Selatan
Kab. Buleleng,1,2.0,2.0,14.28571429,14.28571429,35000000.0,31000000.0,4000000.0,0,1,0,98.11320758276966,35.88918338177277,67.00119548227121,Mudah,Bali
Kab. Bekasi,8,10.625,8.5,20.637687969999998,20.833333335,37312500.0,30375000.0,55500000.0,5,3,0,81.83962298415805,51.84688375362544,66.84325336889175,Mudah,Jabodetabek Puncak
Kab. Batang,2,8.5,8.5,19.0,19.0,22500000.0,18000000.0,9000000.0,1,1,0,85.84905687077251,47.732613883438,66.79083537710525,Mudah,Jawa Tengah Pantura
Kab. Garut,3,12.333333333333334,11.0,21.06060606,20.0,36666666.666666664,30666666.666666668,18000000.0,0,3,0,78.6163526047229,52.90935669543024,65.76285465007658,Mudah,Jawa Barat Priangan & Selatan
Kab. Karanganyar,6,7.166666666666667,6.0,17.116402116666666,20.0,29833333.333333332,25666666.666666668,25000000.0,2,4,0,88.36478009374629,43.000558595184785,65.68266934446554,Mudah,Solo Raya & DIY
Kab. Bandung,8,5.125,5.0,14.95285087625,14.561403505000001,32875000.0,28250000.0,37000000.0,2,6,0,92.21698127892488,37.565192491193095,64.89108688505898,Mudah,Bandung Raya
Kota Jakarta Selatan,7,10.571428571428571,6.0,18.247252747142856,19.23076923,59571428.571428575,48642857.14285714,76500000.0,6,1,0,81.94070114936682,45.84152999015122,63.89111556975902,Mudah,Jabodetabek Puncak
Kab. Indramayu,6,8.0,2.5,16.119047618333333,15.357142855,29666666.666666668,25500000.0,25000000.0,4,2,0,86.79245307938768,40.49496190182399,63.643707490605834,Mudah,Jawa Barat Pantura & Purwasuka
Kota Surakarta,4,3.25,1.0,11.7430560765,9.208334375,73750000.0,67041666.5,26833334.0,2,2,0,95.75471706123176,29.501408500586045,62.628062780908905,Mudah,Solo Raya & DIY
Kab. Ciamis,3,1.0,1.0,9.333333333333334,0.0,25333333.333333332,23000000.0,7000000.0,1,0,2,100.0,23.4475998023906,61.7237999011953,Mudah,Jawa Barat Priangan & Selatan
Kota Jakarta Timur,7,10.428571428571429,10.0,16.39665447257143,16.0,71500000.0,59000000.0,87500000.0,7,0,0,82.21024292325687,41.19237773259994,61.701310327928404,Mudah,Jabodetabek Puncak
Kota Tangerang Selatan,3,15.333333333333334,15.0,19.986263736666668,18.75,65833333.333333336,53333333.333333336,37500000.0,1,2,0,72.9559753530319,50.21034789025626,61.58316162164408,Mudah,Jabodetabek Puncak
Kab. Pekalongan,1,14.0,14.0,18.75,18.75,32000000.0,26000000.0,6000000.0,1,0,0,75.47169857600568,47.1045531744454,61.28812587522554,Mudah,Jawa Tengah Pantura
Kab. Majalengka,3,1.0,1.0,8.925925926,2.777777778,38666666.666666664,34333333.333333336,13000000.0,1,1,1,100.0,22.424093461996144,61.21204673099807,Mudah,Jawa Barat Pantura & Purwasuka
Kab. Mojokerto,1,10.0,10.0,15.55555556,15.55555556,45000000.0,38000000.0,7000000.0,1,0,0,83.018868244927,39.07933301514986,61.04910063003843,Mudah,Jawa Timur
Kota Serang,5,12.0,3.0,17.028083029999998,16.666666669999998,32200000.0,27400000.0,24000000.0,2,3,0,79.24528341046636,42.778679602427,61.01198150644667,Mudah,Banten Barat
Kab. Brebes,8,9.375,6.0,14.680555556,15.0,27625000.0,23500000.0,33000000.0,3,5,0,84.19811350569597,36.88112052362676,60.53961701466137,Mudah,Jawa Tengah Pantura
Kota Salatiga,2,8.5,8.5,13.88888889,13.88888889,47500000.0,42500000.0,10000000.0,0,2,0,85.84905687077251,34.89226161349167,60.37065924213209,Mudah,Wilayah Luar Jawa/Lainnya
Kab. Purwakarta,6,11.333333333333334,12.0,16.004273503666667,16.666666665,43333333.333333336,37166666.666666664,37000000.0,3,3,0,80.50314502195323,40.206621454497814,60.354883238225526,Mudah,Jawa Barat Pantura & Purwasuka
Kab. Karawang,6,13.0,7.0,17.039682540166666,20.0,30000000.0,24916666.666666668,30500000.0,3,3,0,77.35849099323602,42.80782038874397,60.08315569099,Mudah,Jawa Barat Pantura & Purwasuka
Kota Jakarta Utara,6,12.333333333333334,7.0,16.4015151505,15.34090909,71666666.66666667,56166666.666666664,93000000.0,4,2,0,78.6163526047229,41.20458893590395,59.910470770313424,Moderat / Cukup Alot,Jabodetabek Puncak
Kab. Tabanan,3,6.666666666666667,8.0,11.944444443333333,12.5,40000000.0,35333333.333333336,14000000.0,1,2,0,89.30817630236146,30.00734498241087,59.657760642386165,Moderat / Cukup Alot,Bali
Kab. Tangerang,7,12.285714285714286,7.0,15.95970696,16.666666669999998,32285714.285714287,28000000.0,30000000.0,4,3,0,78.70619986268625,40.09465947444726,59.40042966856676,Moderat / Cukup Alot,Jabodetabek Puncak
Kota Denpasar,4,13.25,4.0,16.474701768750002,15.641711230000002,85000000.0,72250000.0,51000000.0,3,1,0,76.88679288892844,41.38845149329142,59.13762219110993,Moderat / Cukup Alot,Bali
Kab. Wonosobo,1,7.0,7.0,11.11111111,11.11111111,60000000.0,55000000.0,5000000.0,0,1,0,88.67924549661801,27.913809285768853,58.29652739119343,Moderat / Cukup Alot,Wilayah Luar Jawa/Lainnya
Kab. Grobogan,2,15.5,15.5,17.094155845,17.094155845,41500000.0,34750000.0,13500000.0,2,0,0,72.64150995016018,42.944670558563146,57.793090254361665,Moderat / Cukup Alot,Jawa Tengah Pantura
Kota Magelang,1,5.0,5.0,9.090909091,9.090909091,55000000.0,50000000.0,5000000.0,1,0,0,92.45283033107867,22.838571236323123,57.645700783700896,Moderat / Cukup Alot,Wilayah Luar Jawa/Lainnya
Kab. Tasikmalaya,6,15.833333333333334,22.0,17.074074075,17.222222225,38333333.333333336,31833333.333333332,39000000.0,2,3,1,72.01257914441675,42.89422027574704,57.4533997100819,Moderat / Cukup Alot,Jawa Barat Priangan & Selatan
Kab. Cirebon,4,5.75,5.5,9.40476190575,8.8095238115,31250000.0,28250000.0,12000000.0,1,2,1,91.03773601815593,23.62704572172796,57.332390869941946,Moderat / Cukup Alot,Jawa Barat Pantura & Purwasuka
Kota Depok,13,13.153846153846153,9.0,14.197912908384616,13.51351351,41384615.384615384,35538461.461538464,76000001.0,4,9,0,77.06821523673905,35.66860498982122,56.368410113280135,Moderat / Cukup Alot,Jabodetabek Puncak
Kab. Cianjur,8,9.125,3.0,9.529040403749999,10.06060606,31875000.0,28625000.0,26000000.0,2,3,3,84.66981161000355,23.93926348799362,54.30453754899858,Moderat / Cukup Alot,Jawa Barat Priangan & Selatan
Kab. Banyumas,4,22.25,22.0,19.3019480525,24.31818182,47500000.0,40750000.0,27000000.0,2,2,0,59.905661133855446,48.49118071516634,54.19842092451089,Moderat / Cukup Alot,Jawa Tengah Selatan
Kab. Pemalang,1,10.0,10.0,9.9999991,9.9999991,33333333.0,30000000.0,3333333.0,1,0,0,83.018868244927,25.122426098685658,54.07064717180633,Moderat / Cukup Alot,Jawa Tengah Pantura
Kab. Tegal,7,15.285714285714286,15.0,13.91121576742857,12.0,32714285.714285713,28142857.14285714,32000000.0,1,6,0,73.04582261099526,34.94835215136119,53.997087381178225,Moderat / Cukup Alot,Jawa Tengah Pantura
Kota Cirebon,2,1.0,1.0,2.380952857,2.380952857,31000000.0,30166666.5,1666667.0,1,0,1,100.0,5.981531757781557,52.99076587889078,Moderat / Cukup Alot,Jawa Barat Pantura & Purwasuka
Kota Bandung,10,23.2,12.0,18.9075358854,19.375,77000000.0,62400000.0,146000000.0,8,2,0,58.11320833748663,47.500321573949805,52.80676495571822,Moderat / Cukup Alot,Bandung Raya
Kota Jakarta Barat,4,20.0,8.0,16.44104251,18.218623479999998,66250000.0,54375000.0,47500000.0,2,2,0,64.1509440726237,41.30389126163265,52.72741766712818,Moderat / Cukup Alot,Jabodetabek Puncak
Kota Tangerang,12,14.416666666666666,6.5,12.241506927166666,12.5,44000000.0,38583333.333333336,65000000.0,6,6,0,74.68553506882638,30.75363807925674,52.71958657404156,Moderat / Cukup Alot,Jabodetabek Puncak
Kab. Bandung Barat,4,4.0,4.0,3.9384920635,1.626984127,34175000.0,32750000.0,5700000.0,2,1,1,94.33962274830901,9.894448471054236,52.11703560968162,Moderat / Cukup Alot,Bandung Raya
Kab. Klaten,2,12.5,12.5,10.0,10.0,27500000.0,25500000.0,4000000.0,1,1,0,78.30188720185119,25.12242835970421,51.7121577807777,Moderat / Cukup Alot,Solo Raya & DIY
Kab. Kuningan,1,1.0,1.0,0.0,0.0,17000000.0,17000000.0,0.0,0,0,1,100.0,0.0,50.0,Moderat / Cukup Alot,Jawa Barat Pantura & Purwasuka
Kab. Purworejo,1,1.0,1.0,0.0,0.0,15000000.0,15000000.0,0.0,0,1,0,100.0,0.0,50.0,Moderat / Cukup Alot,Jawa Tengah Selatan
Kota Pekalongan,1,28.0,28.0,12.0,12.0,25000000.0,22000000.0,3000000.0,0,1,0,49.05660473478104,30.14691403164505,39.60175938321304,Sangat Sulit (Paling Alot),Jawa Tengah Pantura
Kota Bogor,2,32.0,32.0,14.5454545455,14.5454545455,65000000.0,57500000.0,15000000.0,1,1,0,41.50943506585971,36.54171397786577,39.02557452186274,Sangat Sulit (Paling Alot),Jabodetabek Puncak
Kota Malang,4,36.75,2.5,13.392857142499999,15.0,50000000.0,43250000.0,27000000.0,3,1,0,32.54717108401564,33.6461094094209,33.096640246718266,Sangat Sulit (Paling Alot),Jawa Timur
Kab. Rembang,1,34.0,34.0,10.0,10.0,20000000.0,18000000.0,2000000.0,0,1,0,37.73585023139905,25.12242835970421,31.42913929555163,Sangat Sulit (Paling Alot),Jawa Tengah Pantura
Kab. Sukoharjo,1,54.0,54.0,25.0,25.0,60000000.0,45000000.0,15000000.0,0,1,0,1.8867924111987122e-06,62.806070899260526,31.40303639302647,Sangat Sulit (Paling Alot),Solo Raya & DIY
Kab. Malang,4,37.25,1.0,12.380952381,14.761904762,31750000.0,27750000.0,16000000.0,3,1,0,31.603774875400468,31.103958921658176,31.353866898529322,Sangat Sulit (Paling Alot),Jawa Timur
Kota Medan,2,26.5,26.5,2.8571428570000004,2.8571428570000004,32500000.0,31500000.0,2000000.0,2,0,0,51.88679336062654,7.177836673842313,29.532315017234428,Sangat Sulit (Paling Alot),Wilayah Luar Jawa/Lainnya
Kab. Blora,3,45.666666666666664,25.0,15.925925926666666,20.0,51666666.666666664,41666666.666666664,30000000.0,3,0,0,15.72327203037851,40.009793315463924,27.866532672921217,Sangat Sulit (Paling Alot),Jawa Tengah Pantura
Kab. Gianyar,1,39.0,39.0,8.333333332999999,8.333333332999999,60000000.0,55000000.0,5000000.0,0,1,0,28.30188814524739,20.93535696558276,24.618622555415072,Sangat Sulit (Paling Alot),Bali
