bulan_num,Bulan,Deal,Total_Asking,Total_Deal,Total_Saving,Avg_Diskon_Pct,Avg_Durasi_Hari,Success_Rate_Pct
1,Januari,13,458000000,347000000,111000000,23.29209252286175,1.0,100.0
2,Februari,16,887233333,712000000,175233333,18.103025333000513,11.8125,100.0
3,Maret,19,897000000,700000000,197000000,21.25242218099361,15.736842105263158,94.73684210526315
4,April,26,1400000000,1181000000,219000000,16.67701541796564,11.692307692307692,92.3076923076923
5,Mei,17,1022500000,808000000,214500000,18.376820290132986,10.588235294117647,94.11764705882352
6,Juni,23,1270500000,1029000000,241500000,16.399298069714895,5.869565217391305,95.65217391304348
7,Juli,18,971000000,814833333,156166667,15.628060264303596,3.7777777777777777,94.44444444444444
8,Agustus,10,495000000,405500000,89500000,19.099494949494947,2.4,100.0
99,TOTAL 2026,142,7401233333,5997333333,1403900000,18.251646938164182,8.535211267605634,95.77464788732394
